{
  "users": {
    "6287840530026@s.whatsapp.net": {
      "afkTime": -1,
      "afkReason": "",
      "limit": 50,
      "level": 0,
      "autolevelup": true
    },
    "6288294744259@s.whatsapp.net": {
      "afkTime": -1,
      "afkReason": "",
      "limit": 50,
      "level": 0,
      "autolevelup": true
    },
    "6287819408993@s.whatsapp.net": {
      "afkTime": -1,
      "afkReason": "",
      "limit": 50,
      "level": 0,
      "autolevelup": true
    },
    "6289677946901@s.whatsapp.net": {
      "afkTime": -1,
      "afkReason": "",
      "limit": 50,
      "level": 0,
      "autolevelup": true
    },
    "6285772832955@s.whatsapp.net": {
      "afkTime": -1,
      "afkReason": "",
      "limit": 50,
      "level": 0,
      "autolevelup": true
    },
    "6287704619032@s.whatsapp.net": {
      "afkTime": -1,
      "afkReason": "",
      "limit": 50,
      "level": 0,
      "autolevelup": true
    },
    "6283827595860@s.whatsapp.net": {
      "afkTime": -1,
      "afkReason": "",
      "limit": 50,
      "level": 0,
      "autolevelup": true
    },
    "6289513110133@s.whatsapp.net": {
      "afkTime": -1,
      "afkReason": "",
      "limit": 50,
      "level": 0,
      "autolevelup": true
    },
    "6285754411405@s.whatsapp.net": {
      "afkTime": 1707365146698,
      "afkReason": "1jam",
      "limit": 50,
      "level": 0,
      "autolevelup": true
    },
    "628999790533@s.whatsapp.net": {
      "afkTime": -1,
      "afkReason": "",
      "limit": 50,
      "level": 0,
      "autolevelup": true
    },
    "6285766454682@s.whatsapp.net": {
      "afkTime": -1,
      "afkReason": "",
      "limit": 50,
      "level": 0,
      "autolevelup": true
    },
    "6285729410381@s.whatsapp.net": {
      "afkTime": -1,
      "afkReason": "",
      "limit": 50,
      "level": 0,
      "autolevelup": true
    },
    "18063047295@s.whatsapp.net": {
      "afkTime": -1,
      "afkReason": "",
      "limit": 50,
      "level": 0,
      "autolevelup": true
    },
    "6282323682554@s.whatsapp.net": {
      "afkTime": -1,
      "afkReason": "",
      "limit": 50,
      "level": 0,
      "autolevelup": true
    },
    "6282226730541@s.whatsapp.net": {
      "afkTime": -1,
      "afkReason": "",
      "limit": 50,
      "level": 0,
      "autolevelup": true
    },
    "62895325896331@s.whatsapp.net": {
      "afkTime": -1,
      "afkReason": "",
      "limit": 50,
      "level": 0,
      "autolevelup": true
    },
    "6288705350612@s.whatsapp.net": {
      "afkTime": -1,
      "afkReason": "",
      "limit": 50,
      "level": 0,
      "autolevelup": true
    },
    "6285777865651@s.whatsapp.net": {
      "afkTime": -1,
      "afkReason": "",
      "limit": 50,
      "level": 0,
      "autolevelup": true
    },
    "6287810062049@s.whatsapp.net": {
      "afkTime": -1,
      "afkReason": "",
      "limit": 50,
      "level": 0,
      "autolevelup": true
    },
    "6283869395531@s.whatsapp.net": {
      "afkTime": -1,
      "afkReason": "",
      "limit": 50,
      "level": 0,
      "autolevelup": true
    },
    "62895422855227@s.whatsapp.net": {
      "afkTime": -1,
      "afkReason": "",
      "limit": 50,
      "level": 0,
      "autolevelup": true
    },
    "6283141323158@s.whatsapp.net": {
      "afkTime": -1,
      "afkReason": "",
      "limit": 50,
      "level": 0,
      "autolevelup": true
    },
    "6283829742884@s.whatsapp.net": {
      "afkTime": -1,
      "afkReason": "",
      "limit": 50,
      "level": 0,
      "autolevelup": true
    },
    "6282143537911@s.whatsapp.net": {
      "afkTime": -1,
      "afkReason": "",
      "limit": 50,
      "level": 0,
      "autolevelup": true
    },
    "6289530553731@s.whatsapp.net": {
      "afkTime": -1,
      "afkReason": "",
      "limit": 50,
      "level": 0,
      "autolevelup": true
    },
    "6285837842872@s.whatsapp.net": {
      "afkTime": -1,
      "afkReason": "",
      "limit": 50,
      "level": 0,
      "autolevelup": true
    },
    "6289518733450@s.whatsapp.net": {
      "afkTime": -1,
      "afkReason": "",
      "limit": 50,
      "level": 0,
      "autolevelup": true
    },
    "6285752610371@s.whatsapp.net": {
      "afkTime": -1,
      "afkReason": "",
      "limit": 50,
      "level": 0,
      "autolevelup": true
    },
    "6287786080964@s.whatsapp.net": {
      "afkTime": -1,
      "afkReason": "",
      "limit": 50,
      "level": 0,
      "autolevelup": true
    },
    "6288291594966@s.whatsapp.net": {
      "afkTime": -1,
      "afkReason": "",
      "limit": 50,
      "level": 0,
      "autolevelup": true
    },
    "6287862053353@s.whatsapp.net": {
      "afkTime": -1,
      "afkReason": "",
      "limit": 50,
      "level": 0,
      "autolevelup": true
    },
    "6283125713673@s.whatsapp.net": {
      "afkTime": -1,
      "afkReason": "",
      "limit": 50,
      "level": 0,
      "autolevelup": true
    },
    "6282219056863@s.whatsapp.net": {
      "afkTime": -1,
      "afkReason": "",
      "limit": 50,
      "level": 0,
      "autolevelup": true
    }
  },
  "chats": {
    "6287840530026@s.whatsapp.net": {
      "mute": false,
      "wlcm": true,
      "nsfw": false,
      "antitoxic": false,
      "antilink": false,
      "antilinkyt": false,
      "antilinktt": false,
      "antivirtex": true,
      "antipanel": false,
      "antilinkv2": false,
      "autodown": false,
      "notification": {
        "status": false,
        "text_left": "",
        "text_welcome": ""
      }
    },
    "6288294744259@s.whatsapp.net": {
      "mute": false,
      "wlcm": true,
      "nsfw": false,
      "antitoxic": false,
      "antilink": false,
      "antilinkyt": false,
      "antilinktt": false,
      "antivirtex": true,
      "antipanel": false,
      "antilinkv2": false,
      "autodown": false,
      "notification": {
        "status": false,
        "text_left": "",
        "text_welcome": ""
      }
    },
    "120363027384414318@g.us": {
      "mute": false,
      "wlcm": true,
      "nsfw": false,
      "antitoxic": false,
      "antilink": false,
      "antilinkyt": false,
      "antilinktt": false,
      "antivirtex": true,
      "antipanel": false,
      "antilinkv2": false,
      "autodown": false,
      "notification": {
        "status": false,
        "text_left": "",
        "text_welcome": ""
      }
    },
    "120363199506965569@g.us": {
      "mute": false,
      "wlcm": true,
      "nsfw": false,
      "antitoxic": false,
      "antilink": false,
      "antilinkyt": false,
      "antilinktt": false,
      "antivirtex": true,
      "antipanel": false,
      "antilinkv2": false,
      "autodown": false,
      "notification": {
        "status": false,
        "text_left": "",
        "text_welcome": ""
      }
    },
    "120363222720814169@g.us": {
      "mute": false,
      "wlcm": true,
      "nsfw": false,
      "antitoxic": false,
      "antilink": false,
      "antilinkyt": false,
      "antilinktt": false,
      "antivirtex": true,
      "antipanel": false,
      "antilinkv2": true,
      "autodown": true,
      "notification": {
        "status": false,
        "text_left": "",
        "text_welcome": ""
      }
    },
    "6289513110133@s.whatsapp.net": {
      "mute": false,
      "wlcm": true,
      "nsfw": false,
      "antitoxic": false,
      "antilink": false,
      "antilinkyt": false,
      "antilinktt": false,
      "antivirtex": true,
      "antipanel": false,
      "antilinkv2": false,
      "autodown": false,
      "notification": {
        "status": false,
        "text_left": "",
        "text_welcome": ""
      }
    },
    "6287819408993-1633439344@g.us": {
      "mute": false,
      "wlcm": true,
      "nsfw": false,
      "antitoxic": false,
      "antilink": false,
      "antilinkyt": false,
      "antilinktt": false,
      "antivirtex": true,
      "antipanel": false,
      "antilinkv2": false,
      "autodown": false,
      "notification": {
        "status": false,
        "text_left": "",
        "text_welcome": ""
      }
    },
    "120363206362636979@g.us": {
      "mute": false,
      "wlcm": true,
      "nsfw": false,
      "antitoxic": false,
      "antilink": false,
      "antilinkyt": false,
      "antilinktt": false,
      "antivirtex": true,
      "antipanel": false,
      "antilinkv2": false,
      "autodown": false,
      "notification": {
        "status": false,
        "text_left": "",
        "text_welcome": ""
      }
    },
    "6283829742884@s.whatsapp.net": {
      "mute": false,
      "wlcm": true,
      "nsfw": false,
      "antitoxic": false,
      "antilink": false,
      "antilinkyt": false,
      "antilinktt": false,
      "antivirtex": true,
      "antipanel": false,
      "antilinkv2": false,
      "autodown": false,
      "notification": {
        "status": false,
        "text_left": "",
        "text_welcome": ""
      }
    },
    "6285837842872@s.whatsapp.net": {
      "mute": false,
      "wlcm": true,
      "nsfw": false,
      "antitoxic": false,
      "antilink": false,
      "antilinkyt": false,
      "antilinktt": false,
      "antivirtex": true,
      "antipanel": false,
      "antilinkv2": false,
      "autodown": false,
      "notification": {
        "status": false,
        "text_left": "",
        "text_welcome": ""
      }
    }
  },
  "game": {
    "math": [],
    "tebakgambar": [],
    "tebakkata": [],
    "lontong": [],
    "lontong_desk": [],
    "kalimat": [],
    "lirik": [],
    "tebakan": []
  },
  "database": {},
  "settings": {
    "6287819408993@s.whatsapp.net": {
      "status": 0,
      "autobio": false,
      "autoread": false
    }
  },
  "setting": {},
  "others": {},
  "sticker": {}
}